query,method,avg_latency_ms,std_latency_ms,min_latency_ms,max_latency_ms
What is the minimum GPA requirement?,tfidf,0.8745988210042318,0.02365542743508669,0.8459091186523438,0.9038448333740234
What is the minimum GPA requirement?,minhash,0.789642333984375,0.07286434805316001,0.7097721099853516,0.8859634399414062
What is the minimum GPA requirement?,simhash,2.9889742533365884,0.1797842964658723,2.8390884399414062,3.2417774200439453
What is the minimum GPA requirement?,hybrid,4.533688227335612,0.3444826619984633,4.256010055541992,5.019187927246094
What happens if a student fails a course?,tfidf,1.1220773061116536,0.0804561345659197,1.020193099975586,1.216888427734375
What happens if a student fails a course?,minhash,0.8270740509033203,0.08700307422610544,0.7512569427490234,0.9489059448242188
What happens if a student fails a course?,simhash,3.2021204630533853,0.14050203737856512,3.0469894409179688,3.3872127532958984
What happens if a student fails a course?,hybrid,4.359722137451172,0.09506914060030756,4.272937774658203,4.492044448852539
What is the attendance policy?,tfidf,0.8167425791422526,0.013668869809170286,0.7979869842529297,0.8301734924316406
What is the attendance policy?,minhash,0.6985664367675781,0.06341486033042038,0.6227493286132812,0.7779598236083984
What is the attendance policy?,simhash,3.079970677693685,0.032713678040798215,3.0488967895507812,3.1251907348632812
What is the attendance policy?,hybrid,4.629691441853841,0.12255153037956303,4.539012908935547,4.802942276000977
How many times can a course be repeated?,tfidf,1.0903676350911458,0.1331036831431864,0.9021759033203125,1.188039779663086
How many times can a course be repeated?,minhash,0.6647904713948568,0.07114370273230337,0.6110668182373047,0.7653236389160156
How many times can a course be repeated?,simhash,3.267208735148112,0.28621567581137286,2.862691879272461,3.4818649291992188
How many times can a course be repeated?,hybrid,4.122257232666016,0.06297260104347178,4.038810729980469,4.190921783447266
What is the fee refund policy?,tfidf,0.8060137430826823,0.03655319602990192,0.7627010345458984,0.8521080017089844
What is the fee refund policy?,minhash,0.7522900899251302,0.03618171593823691,0.720977783203125,0.8029937744140625
What is the fee refund policy?,simhash,3.0721823374430337,0.17656816316838392,2.946615219116211,3.3218860626220703
What is the fee refund policy?,hybrid,4.614035288492839,0.05739811409972952,4.561901092529297,4.6939849853515625
How to apply for a degree?,tfidf,0.8900960286458334,0.0847698665244836,0.7770061492919922,0.9810924530029297
How to apply for a degree?,minhash,1.212755839029948,0.13499662406842275,1.0919570922851562,1.4011859893798828
How to apply for a degree?,simhash,2.8499762217203775,0.08192638127309648,2.7408599853515625,2.9382705688476562
How to apply for a degree?,hybrid,4.8169294993082685,0.1542984349325394,4.599094390869141,4.936933517456055
What are the rules for academic probation?,tfidf,0.8253256479899088,0.02883868487669043,0.8001327514648438,0.8656978607177734
What are the rules for academic probation?,minhash,0.6760756174723307,0.01799424201521199,0.6589889526367188,0.7009506225585938
What are the rules for academic probation?,simhash,2.9699007670084634,0.12212902344353466,2.798795700073242,3.075838088989258
What are the rules for academic probation?,hybrid,4.336118698120117,0.19648246614333822,4.101276397705078,4.58216667175293
What is the credit hour requirement for graduation?,tfidf,0.8836587270100912,0.05992496040358283,0.7989406585693359,0.9279251098632812
What is the credit hour requirement for graduation?,minhash,0.682989756266276,0.08205256213531731,0.6210803985595703,0.7989406585693359
What is the credit hour requirement for graduation?,simhash,3.2433668772379556,0.07250573416069417,3.172159194946289,3.342866897583008
What is the credit hour requirement for graduation?,hybrid,4.169623057047526,0.09809687617454733,4.030942916870117,4.242181777954102
What are the examination rules?,tfidf,0.8065700531005859,0.042468410486246014,0.7627010345458984,0.8640289306640625
What are the examination rules?,minhash,0.671227773030599,0.03840899547969357,0.6308555603027344,0.7228851318359375
What are the examination rules?,simhash,2.9937426249186196,0.09099354385414468,2.875804901123047,3.0972957611083984
What are the examination rules?,hybrid,4.241228103637695,0.10366191966332125,4.113912582397461,4.367828369140625
Can a student transfer to another department?,tfidf,0.8765856424967448,0.04583855109666715,0.8299350738525391,0.9388923645019531
Can a student transfer to another department?,minhash,0.7739067077636719,0.04235135462690581,0.7188320159912109,0.8218288421630859
Can a student transfer to another department?,simhash,3.0771891276041665,0.1393409685818185,2.8967857360839844,3.236055374145508
Can a student transfer to another department?,hybrid,4.288117090861003,0.03935295078281566,4.233121871948242,4.323005676269531
What is the grading system?,tfidf,0.8038679758707682,0.014993645509317163,0.7827281951904297,0.8158683776855469
What is the grading system?,minhash,0.6105899810791016,0.02867439809333931,0.5800724029541016,0.6489753723144531
What is the grading system?,simhash,2.894878387451172,0.1404821669131299,2.7208328247070312,3.064870834350586
What is the grading system?,hybrid,4.354238510131836,0.11613228429049298,4.215717315673828,4.499912261962891
What are the thesis requirements?,tfidf,0.861962636311849,0.016315373565742676,0.843048095703125,0.8828639984130859
What are the thesis requirements?,minhash,1.2094179789225261,0.15257178824285708,1.0831356048583984,1.4240741729736328
What are the thesis requirements?,simhash,2.9473304748535156,0.0946887023489488,2.8209686279296875,3.0488967895507812
What are the thesis requirements?,hybrid,4.6304066975911455,0.0522335634888081,4.557132720947266,4.675149917602539
What is the semester registration process?,tfidf,0.8019606272379557,0.014761856393103883,0.7822513580322266,0.8177757263183594
What is the semester registration process?,minhash,0.7687409718831381,0.03124547011966613,0.7302761077880859,0.8068084716796875
What is the semester registration process?,simhash,3.083467483520508,0.2325737087054159,2.790212631225586,3.359079360961914
What is the semester registration process?,hybrid,4.460652669270833,0.10815996353313002,4.312992095947266,4.569053649902344
What are the rules for dropping a course?,tfidf,0.8313655853271484,0.01926426053436593,0.804901123046875,0.8502006530761719
What are the rules for dropping a course?,minhash,0.6744066874186198,0.07971749799657382,0.6051063537597656,0.7860660552978516
What are the rules for dropping a course?,simhash,2.942641576131185,0.08227095537355553,2.8679370880126953,3.057241439819336
What are the rules for dropping a course?,hybrid,4.018386205037435,0.05874404569037437,3.9610862731933594,4.099130630493164
What is the scholarship policy?,tfidf,0.7948080698649088,0.010527079511282305,0.7801055908203125,0.8041858673095703
What is the scholarship policy?,minhash,1.1634031931559246,0.05038153091839686,1.0960102081298828,1.2171268463134766
What is the scholarship policy?,simhash,2.852757771809896,0.16073990505148977,2.722024917602539,3.0791759490966797
What is the scholarship policy?,hybrid,4.935741424560547,0.30116730658870894,4.572868347167969,5.310297012329102
